Layer Name, M, N, K,
Tile_000, 8, 8, 8,
Tile_001, 8, 8, 8,
Tile_002, 8, 8, 8,
Tile_003, 8, 8, 8,
Tile_004, 8, 8, 8,
Tile_005, 8, 8, 8,
Tile_006, 8, 8, 8,
Tile_007, 8, 8, 8,
Tile_008, 8, 8, 8,
Tile_009, 8, 8, 8,
Tile_010, 8, 8, 8,
Tile_011, 8, 8, 8,
Tile_012, 8, 8, 8,
Tile_013, 8, 8, 8,
Tile_014, 8, 8, 8,
Tile_015, 8, 8, 8,
Tile_016, 8, 8, 8,
Tile_017, 8, 8, 8,
Tile_018, 8, 8, 8,
Tile_019, 8, 8, 8,
Tile_020, 8, 8, 8,
Tile_021, 8, 8, 8,
Tile_022, 8, 8, 8,
Tile_023, 8, 8, 8,
Tile_024, 8, 8, 8,
Tile_025, 8, 8, 8,
Tile_026, 8, 8, 8,
Tile_027, 8, 8, 8,
Tile_028, 8, 8, 8,
Tile_029, 8, 8, 8,
Tile_030, 8, 8, 8,
Tile_031, 8, 8, 8,
Tile_032, 8, 8, 8,
Tile_033, 8, 8, 8,
Tile_034, 8, 8, 8,
Tile_035, 8, 8, 8,
Tile_036, 8, 8, 8,
Tile_037, 8, 8, 8,
Tile_038, 8, 8, 8,
Tile_039, 8, 8, 8,
Tile_040, 8, 8, 8,
Tile_041, 8, 8, 8,
Tile_042, 8, 8, 8,
Tile_043, 8, 8, 8,
Tile_044, 8, 8, 8,
Tile_045, 8, 8, 8,
Tile_046, 8, 8, 8,
Tile_047, 8, 8, 8,
Tile_048, 8, 8, 8,
Tile_049, 8, 8, 8,
Tile_050, 8, 8, 8,
Tile_051, 8, 8, 8,
Tile_052, 8, 8, 8,
Tile_053, 8, 8, 8,
Tile_054, 8, 8, 8,
Tile_055, 8, 8, 8,
Tile_056, 8, 8, 8,
Tile_057, 8, 8, 8,
Tile_058, 8, 8, 8,
Tile_059, 8, 8, 8,
Tile_060, 8, 8, 8,
Tile_061, 8, 8, 8,
Tile_062, 8, 8, 8,
Tile_063, 8, 8, 8,
Tile_064, 8, 8, 8,
Tile_065, 8, 8, 8,
Tile_066, 8, 8, 8,
Tile_067, 8, 8, 8,
Tile_068, 8, 8, 8,
Tile_069, 8, 8, 8,
Tile_070, 8, 8, 8,
Tile_071, 8, 8, 8,
Tile_072, 8, 8, 8,
Tile_073, 8, 8, 8,
Tile_074, 8, 8, 8,
Tile_075, 8, 8, 8,
Tile_076, 8, 8, 8,
Tile_077, 8, 8, 8,
Tile_078, 8, 8, 8,
Tile_079, 8, 8, 8,
Tile_080, 8, 8, 8,
Tile_081, 8, 8, 8,
Tile_082, 8, 8, 8,
Tile_083, 8, 8, 8,
Tile_084, 8, 8, 8,
Tile_085, 8, 8, 8,
Tile_086, 8, 8, 8,
Tile_087, 8, 8, 8,
Tile_088, 8, 8, 8,
Tile_089, 8, 8, 8,
Tile_090, 8, 8, 8,
Tile_091, 8, 8, 8,
Tile_092, 8, 8, 8,
Tile_093, 8, 8, 8,
Tile_094, 8, 8, 8,
Tile_095, 8, 8, 8,
Tile_096, 8, 8, 8,
Tile_097, 8, 8, 8,
Tile_098, 8, 8, 8,
Tile_099, 8, 8, 8,
Tile_100, 8, 8, 8,
Tile_101, 8, 8, 8,
Tile_102, 8, 8, 8,
Tile_103, 8, 8, 8,
Tile_104, 8, 8, 8,
Tile_105, 8, 8, 8,
Tile_106, 8, 8, 8,
Tile_107, 8, 8, 8,
Tile_108, 8, 8, 8,
Tile_109, 8, 8, 8,
Tile_110, 8, 8, 8,
Tile_111, 8, 8, 8,
Tile_112, 8, 8, 8,
Tile_113, 8, 8, 8,
Tile_114, 8, 8, 8,
Tile_115, 8, 8, 8,
Tile_116, 8, 8, 8,
Tile_117, 8, 8, 8,
Tile_118, 8, 8, 8,
Tile_119, 8, 8, 8,
Tile_120, 8, 8, 8,
Tile_121, 8, 8, 8,
Tile_122, 8, 8, 8,
Tile_123, 8, 8, 8,
Tile_124, 8, 8, 8,
Tile_125, 8, 8, 8,
Tile_126, 8, 8, 8,
Tile_127, 8, 8, 8,
